{"cameraMode":{"drawMode":0,"name":"Shaded","section":"Shading Mode"},"sceneLighting":true,"audioPlay":false,"sceneViewState":{"m_AlwaysRefresh":false,"showFog":true,"showSkybox":true,"showFlares":true,"showImageEffects":true,"showParticleSystems":true,"showVisualEffectGraphs":true,"m_FxEnabled":true},"in2DMode":false,"pivot":{"x":0.37537309527397158,"y":-5.3669233322143559,"z":2.2457690238952638},"rotation":{"x":0.2854197323322296,"y":-0.14278826117515565,"z":0.04303790256381035,"w":0.9467419385910034},"size":10.958725929260254,"orthographic":false}