{"cameraMode":{"drawMode":0,"name":"Shaded","section":"Shading Mode"},"sceneLighting":true,"audioPlay":false,"sceneViewState":{"m_AlwaysRefresh":false,"showFog":true,"showSkybox":true,"showFlares":true,"showImageEffects":true,"showParticleSystems":true,"showVisualEffectGraphs":true,"m_FxEnabled":true},"in2DMode":false,"pivot":{"x":4.061487197875977,"y":0.3272104263305664,"z":-5.712772369384766},"rotation":{"x":-0.07532543689012528,"y":0.9244214296340942,"z":-0.25316303968429568,"w":-0.27505430579185488},"size":10.662731170654297,"orthographic":false}